T,p,q
1633699801,211.28,1
1633699807,211.77,4
1633699808,211.77,1
1633699814,211.79,2
1633699819,212.01,1
1633699823,211.74,20
1633699846,211.69,10
1633699856,210.93,2
1633699870,211.38,1
1633699874,211.23,9
1633699888,211.4,11
1633699895,211.82,1
1633699896,211.82,30
1633699911,211.51,3
1633699922,211.74,1
1633699931,211.48,5
1633699935,211.21,1
1633699946,211.62,1
1633699980,211.44,1
1633699986,211.18,1
1633699991,211.41,1
1633699997,211.5,1
1633700008,211.39,2
1633700022,211.1,1
1633700025,211.11,3
1633700037,211.02,1
1633700045,210.64,1
1633700050,210.73,1
1633700080,210.32,2
1633700081,210.29,5
1633700082,210.29,1
1633700083,210.28,2
1633700095,210.25,1
1633700100,210.15,1
1633700101,210.16,3
1633700106,210.07,2
1633700112,210.16,2
1633700116,210,1
1633700118,210.07,3
1633700120,210.15,4
1633700138,209.96,1
1633700151,209.85,2
1633700152,209.82,1
1633700161,209.9,1
1633700163,209.97,20
1633700168,209.9,2
1633700174,209.85,1
1633700181,209.8,1
1633700186,209.57,5
1633700189,209.63,1
1633700194,209.57,2
1633700195,209.59,1
1633700199,209.71,20
1633700199,209.71,1
1633700213,209.49,2
1633700219,209.48,3
1633700227,209.59,10
1633700234,209.68,1
1633700239,209.65,1
1633700248,209.6,1
1633700258,209.64,1
1633700264,209.49,1
1633700268,209.43,4
1633700269,209.43,1
1633700271,209.42,1
1633700272,209.5,1
1633700273,209.51,5
1633700285,209.56,1
1633700285,209.57,1
1633700289,209.56,4
1633700301,209.61,2
1633700321,209.83,1
1633700328,209.85,1
1633700346,209.81,1
1633700352,209.7,2
1633700361,209.79,1
1633700365,209.75,1
1633700369,209.82,2
1633700372,209.83,1
1633700377,209.85,3
1633700382,209.92,1
1633700387,210.03,1
1633700390,209.95,1
1633700390,209.99,3
1633700391,209.99,1
1633700396,209.93,1
1633700402,210.15,1
1633700411,210.16,1
1633700412,210.13,1
1633700414,210.3,3
1633700422,210.3,4
1633700422,210.3,1
1633700424,210.35,3
1633700425,210.35,1
1633700433,210.4,1
1633700438,210.58,4
1633700443,210.5,1
1633700444,210.56,6
1633700447,210.54,1
1633700448,210.54,2
1633700449,210.5,1
1633700456,210.57,1
1633700457,210.6,1
1633700457,210.55,1
1633700464,210.51,1
1633700469,210.4,1
1633700469,210.41,1
1633700471,210.45,9
1633700477,210.48,1
1633700479,210.49,19
1633700479,210.49,1
1633700481,210.46,5
1633700515,210.88,2
1633700515,210.88,1
1633700517,210.88,4
1633700525,211,2
1633700529,210.89,2
1633700532,210.86,5
1633700543,210.85,10
1633700550,210.82,3
1633700553,210.81,1
1633700560,210.74,10
1633700568,210.86,1
1633700571,210.91,20
1633700573,210.87,1
1633700575,210.76,1
1633700576,210.78,1
1633700604,210.76,1
1633700606,210.75,25
1633700613,210.81,7
1633700630,210.84,2
1633700631,210.84,1
1633700654,210.61,1
1633700657,210.54,6
1633700657,210.6,1
1633700667,210.58,5
1633700667,210.58,1
1633700686,210.25,7
1633700691,210.32,1
1633700691,210.32,2
1633700692,210.4,8
1633700735,210.59,2
1633700746,210.37,10
1633700756,210,1
1633700773,209.87,1
1633700780,209.67,1
1633700787,209.46,2
1633700790,209.46,1
1633700792,209.49,5
1633700795,209.4,4
1633700798,209.4,9
1633700802,209.34,1
1633700812,209.39,1
1633700817,209.47,1
1633700818,209.46,1
1633700828,209.83,5
1633700829,209.83,1
1633700830,209.79,1
1633700848,209.98,3
1633700850,209.93,1
1633700850,209.93,3
1633700851,209.93,1
1633700855,209.87,10
1633700855,209.87,1
1633700866,209.89,3
1633700872,209.95,1
1633700882,210.07,1
1633700898,210.06,1
1633700935,210.06,3
1633700949,210.15,1
1633700956,210.15,1
1633700966,210.17,2
1633700967,210.22,4
1633700967,210.22,4
1633700970,210.16,5
1633700974,210.09,10
1633700984,210.2,15
1633700997,210.42,8
1633700999,210.55,2
1633701002,210.43,1
1633701005,210.5,1
1633701007,210.43,3
1633701012,210.23,3
1633701013,210.27,1
1633701026,209.8,1
1633701037,209.98,2
1633701059,209.81,1
1633701062,209.9,1
1633701063,209.88,1
1633701077,209.93,1
1633701083,210.09,1
1633701088,210.2,2
1633701090,210.19,3
1633701099,210.16,10
1633701110,210.07,2
1633701114,210.13,1
1633701137,210.08,1
1633701148,210.15,2
1633701157,210.16,2
1633701158,210.11,1
1633701165,209.99,1
1633701170,210.02,5
1633701182,210.18,1
1633701196,210.01,1
1633701205,209.95,1
1633701210,210,2
1633701218,209.87,1
1633701219,209.85,8
1633701219,209.9,1
1633701220,209.9,3
1633701225,209.85,2
1633701232,209.88,1
1633701239,209.85,1
1633701254,209.79,2
1633701254,209.79,1
1633701266,209.92,4
1633701267,209.95,1
1633701283,210.24,8
1633701309,210.29,11
1633701310,210.29,1
1633701311,210.24,10
1633701316,210.28,9
1633701319,210.38,3
1633701320,210.39,1
1633701328,210.4,1
1633701338,210.35,2
1633701345,210.38,1
1633701358,210.29,3
1633701362,210.33,1
1633701366,210.29,2
1633701367,210.29,1
1633701370,210.23,1
1633701375,210.19,3
1633701402,210.21,1
1633701405,210.22,2
1633701408,210.29,4
1633701426,210.49,3
1633701429,210.51,1
1633701434,210.46,2
1633701438,210.47,4
1633701438,210.47,4
1633701445,210.47,1
1633701459,210.27,2
1633701460,210.27,1
1633701460,210.27,4
1633701461,210.27,2
1633701462,210.26,18
1633701466,210.23,10
1633701468,210.23,4
1633701469,210.23,1
1633701471,210.25,1
1633701474,210.2,2
1633701477,210.26,4
1633701478,210.27,5
1633701498,210.04,1
1633701506,209.96,4
1633701508,209.94,4
1633701509,209.94,1
1633701513,209.85,2
1633701529,210.07,2
1633701544,210.11,5
1633701557,210.04,10
1633701558,210.04,2
1633701559,210.04,1
1633701560,210.06,1
1633701561,210.04,2
1633701566,210.01,2
1633701567,210.05,1
1633701574,209.81,2
1633701575,209.81,1
1633701575,209.81,15
1633701581,209.72,10
1633701585,209.6,1
1633701585,209.65,16
1633701586,209.65,3
1633701596,209.7,3
1633701600,209.73,2
1633701606,209.8,3
1633701609,209.83,2
1633701614,209.9,3
1633701625,210.02,2
1633701626,209.96,5
1633701627,209.96,1
1633701656,210.29,3
1633701671,210.36,2
1633701681,210.43,1
1633701691,210.26,10
1633701713,210.32,2
1633701717,210.39,1
1633701722,210.35,1
1633701727,210.11,1
1633701729,210.09,10
1633701735,210.19,1
1633701735,210.19,3
1633701736,210.19,1
1633701747,210.4,10
1633701747,210.4,1
1633701751,210.4,3
1633701752,210.44,1
1633701753,210.45,1
1633701755,210.54,2
1633701768,210.56,1
1633701770,210.52,10
1633701771,210.52,3
1633701773,210.51,1
1633701780,210.43,1
1633701783,210.46,20
1633701784,210.46,4
1633701785,210.46,5
1633701787,210.31,1
1633701805,210.35,4
1633701811,210.38,1
1633701855,210.32,5
1633701856,210.33,1
1633701867,210.41,1
1633701877,210.54,16
1633701888,210.52,1
1633701892,210.55,30
1633701892,210.55,2
1633701901,210.7,1
1633701917,210.6,10
1633701917,210.6,6
1633701925,210.58,2
1633701953,210.88,1
1633701980,210.57,15
1633701981,210.54,3
1633701985,210.62,3
1633701991,210.63,2
1633701995,210.51,1
1633701997,210.51,1
1633702001,210.52,11
1633702014,210.35,1
1633702014,210.35,8
1633702020,210.4,4
1633702031,210.6,1
1633702045,210.59,1
1633702050,210.51,2
1633702057,210.63,1
1633702062,210.64,3
1633702065,210.58,1
1633702077,210.7,4
1633702080,210.76,1
1633702088,210.62,1
1633702099,210.71,3
1633702117,210.64,5
1633702133,210.69,10
1633702133,210.69,2
1633702139,210.77,3
1633702140,210.76,1
1633702141,210.79,1
1633702144,210.85,1
1633702145,210.84,10
1633702150,210.85,1
1633702163,210.88,1
1633702164,210.84,1
1633702183,210.89,2
1633702187,210.89,1
1633702187,210.93,3
1633702210,210.87,5
1633702219,210.87,1
1633702219,210.87,1
1633702220,210.87,3
1633702225,210.95,1
1633702229,210.95,1
1633702230,210.95,2
1633702235,211.04,1
1633702240,210.86,2
1633702245,210.94,2
1633702250,210.99,2
1633702278,211.01,10
1633702284,210.89,2
1633702286,210.88,1
1633702303,210.75,1
1633702304,210.71,1
1633702308,210.75,1
1633702311,210.77,2
1633702312,210.77,5
1633702313,210.77,3
1633702317,210.76,10
1633702329,210.78,10
1633702336,210.73,1
1633702337,210.73,3
1633702347,210.59,1
1633702353,210.41,13
1633702354,210.47,1
1633702354,210.47,1
1633702356,210.41,3
1633702358,210.49,1
1633702361,210.51,1
1633702366,210.49,1
1633702369,210.45,1
1633702378,210.4,6
1633702387,210.67,40
1633702389,210.68,2
1633702393,210.63,10
1633702407,210.76,1
1633702412,210.66,1
1633702416,210.73,2
1633702417,210.76,1
1633702421,210.93,2
1633702442,211.03,1
1633702446,211.01,1
1633702452,210.96,5
1633702456,210.94,1
1633702465,211.01,1
1633702469,211.01,5
1633702473,211,2
1633702475,211.07,5
1633702487,211.15,2
1633702488,211.15,1
1633702491,211.13,1
1633702491,211.13,1
1633702502,211.01,1
1633702503,210.99,4
1633702507,211.1,1
1633702515,211.04,2
1633702521,211.04,24
1633702529,211.08,5
1633702533,211.08,4
1633702542,211.2,3
1633702543,211.24,5
1633702545,211.25,2
1633702554,211.21,3
1633702564,211.2,7
1633702566,211.25,4
1633702579,211.18,20
1633702581,211.2,1
1633702585,211.23,9
1633702587,211.25,3
1633702591,211.24,2
1633702596,211.18,1
1633702602,211.12,2
1633702616,210.91,2
1633702629,211.04,4
1633702638,211.11,7
1633702664,211.28,1
1633702670,211.51,8
1633702671,211.52,1
1633702672,211.5,8
1633702672,211.5,1
1633702674,211.4,1
1633702675,211.4,10
1633702677,211.42,2
1633702680,211.4,1
1633702694,211.35,5
1633702695,211.35,1
1633702697,211.39,4
1633702701,211.35,3
1633702706,211.34,1
1633702707,211.34,2
1633702708,211.37,1
1633702713,211.28,1
1633702715,211.25,1
1633702724,211.15,1
1633702725,211.15,4
1633702725,211.15,1
1633702731,211.18,5
1633702738,211.22,1
1633702751,211.18,4
1633702751,211.18,1
1633702752,211.18,3
1633702758,211.23,5
1633702781,211.18,2
1633702795,211.11,1
1633702803,210.96,1
1633702842,211.2,10
1633702863,211.1,1
1633702864,211.1,2
1633702865,211.1,1
1633702873,211.09,10
1633702873,211.09,1
1633702877,211.17,1
1633702882,211.24,9
1633702886,211.24,3
1633702893,211.2,1
1633702893,211.2,10
1633702895,211.18,1
1633702902,211.23,4
1633702903,211.29,2
1633702908,211.35,5
1633702912,211.36,5
1633702926,211.46,1
1633702930,211.46,1
1633702935,211.4,10
1633702935,211.4,1
1633702952,211.45,1
1633702955,211.49,2
1633702955,211.49,1
1633702957,211.49,1
1633702958,211.5,4
1633702959,211.49,2
1633702967,211.45,4
1633702978,211.45,3
1633702984,211.32,1
1633702987,211.27,13
1633702994,211.45,2
1633702997,211.49,3
1633703005,211.42,1
1633703016,211.46,1
1633703033,211.39,17
1633703044,211.22,1
1633703048,211.18,2
1633703050,211.23,7
1633703051,211.22,2
1633703059,211.26,2
1633703062,211.31,1
1633703064,211.35,2
1633703080,211.26,2
1633703094,211.15,5
1633703097,211.19,7
1633703141,211.04,1
1633703145,211.04,40
1633703145,211.05,1
1633703146,210.98,11
1633703146,210.98,11
1633703149,210.95,1
1633703149,210.95,1
1633703160,210.95,4
1633703165,211.04,4
1633703183,211.15,6
1633703184,211.15,1
1633703186,211.17,2
1633703186,211.17,1
1633703197,211.19,1
1633703202,211.15,1
1633703215,211.25,1
1633703227,211.12,2
1633703240,211.26,4
1633703241,211.24,3
1633703245,211.24,3
1633703246,211.24,2
1633703246,211.24,1
1633703247,211.24,3
1633703260,211.15,5
1633703267,211.22,3
1633703272,211.24,1
1633703276,211.29,25
1633703276,211.29,1
1633703282,211.24,1
1633703294,211.29,3
1633703327,211.39,6
1633703328,211.37,5
1633703344,211.3,3
1633703347,211.29,10
1633703359,211.31,1
1633703406,211.38,1
1633703409,211.37,2
1633703431,211.28,6
1633703433,211.23,4
1633703439,211.18,7
1633703448,211.31,1
1633703450,211.34,2
1633703451,211.32,2
1633703452,211.32,1
1633703475,211.4,4
1633703480,211.43,1
1633703483,211.42,1
1633703496,211.29,2
1633703505,211.2,6
1633703547,211.31,4
1633703548,211.31,2
1633703556,211.37,1
1633703556,211.43,6
1633703568,211.34,2
1633703576,211.32,1
1633703578,211.35,3
1633703588,211.33,1
1633703607,211.2,2
1633703608,211.2,1
1633703612,211.17,1
1633703622,211.26,3
1633703623,211.26,1
1633703633,211.18,1
1633703636,211.2,3
1633703645,211.12,4
1633703651,211.08,1
1633703660,211.09,7
1633703662,211.07,3
1633703663,211.08,5
1633703664,211.01,3
1633703665,211.01,1
1633703666,210.95,6
1633703666,210.95,6
1633703685,210.93,10
1633703688,210.9,1
1633703705,210.73,1
1633703733,210.85,1
1633703741,210.87,5
1633703742,210.87,1
1633703781,210.66,3
1633703782,210.68,2
1633703783,210.68,3
1633703792,210.68,5
1633703795,210.72,1
1633703799,210.71,4
1633703806,210.79,1
1633703820,210.75,1
1633703831,210.64,1
1633703864,210.57,5
1633703886,210.55,1
1633703931,210.55,1
1633703934,210.53,2
1633703937,210.47,11
1633703938,210.49,5
1633703944,210.42,1
1633703945,210.39,1
1633703951,210.28,5
1633703952,210.31,1
1633703974,210.42,1
1633703977,210.38,1
1633703993,210.11,5
1633703999,210.13,1
1633704002,210.21,1
1633704003,210.17,1
1633704004,210.15,15
1633704017,210.19,2
1633704024,210.08,4
1633704026,210.1,1
1633704037,209.93,1
1633704041,209.95,3
1633704042,209.95,19
1633704050,209.85,5
1633704054,209.82,1
1633704055,209.82,2
1633704055,209.82,6
1633704056,209.8,3
1633704057,209.75,1
1633704058,209.75,2
1633704062,209.69,1
1633704070,209.8,5
1633704072,209.79,2
1633704073,209.66,1
1633704078,209.51,2
1633704078,209.57,1
1633704078,209.57,1
1633704082,209.63,10
1633704104,209.57,1
1633704106,209.57,1
1633704119,209.62,1
1633704128,209.62,2
1633704138,209.58,1
1633704140,209.47,1
1633704147,209.51,2
1633704148,209.51,1
1633704150,209.52,2
1633704152,209.48,3
1633704155,209.46,5
1633704157,209.47,20
1633704164,209.4,4
1633704170,209.24,3
1633704189,209.21,10
1633704190,209.23,19
1633704193,209.29,1
1633704196,209.29,3
1633704200,209.32,1
1633704203,209.32,2
1633704206,209.3,4
1633704210,209.29,2
1633704222,209.3,5
1633704227,209.29,1
1633704233,209.37,2
1633704235,209.38,1
1633704236,209.39,10
1633704241,209.4,1
1633704243,209.43,6
1633704243,209.4,1
1633704252,209.5,3
1633704255,209.5,1
1633704267,209.55,2
1633704270,209.53,6
1633704272,209.5,2
1633704283,209.53,4
1633704283,209.53,1
1633704288,209.59,1
1633704289,209.59,4
1633704340,209.67,3
1633704341,209.67,1
1633704345,209.65,2
1633704346,209.65,1
1633704351,209.66,2
1633704370,209.7,1
1633704380,209.57,2
1633704383,209.53,8
1633704386,209.51,10
1633704390,209.52,2
1633704392,209.52,1
1633704396,209.57,1
1633704397,209.57,5
1633704397,209.57,3
1633704414,209.67,1
1633704416,209.68,2
1633704416,209.68,2
1633704426,209.78,10
1633704431,209.77,10
1633704439,209.75,1
1633704440,209.75,2
1633704449,209.8,1
1633704462,209.85,3
1633704484,209.89,1
1633704490,209.92,3
1633704498,209.96,1
1633704501,209.93,1
1633704507,209.97,2
1633704508,209.99,1
1633704509,209.99,4
1633704510,209.99,1
1633704512,210.06,1
1633704515,210.06,1
1633704519,210.12,1
1633704521,210.13,5
1633704525,210.12,1
1633704528,210.1,5
1633704532,210.13,2
1633704538,210.1,3
1633704545,210.2,4
1633704547,210.19,1
1633704550,210.19,4
1633704551,210.2,1
1633704553,210.18,6
1633704565,210.17,2
1633704566,210.13,1
1633704570,210.1,1
1633704588,210.03,2
1633704589,210.03,11
1633704605,210.29,2
1633704617,210.04,1
1633704630,210,1
1633704634,210.02,30
1633704636,210.09,30
1633704637,210.06,1
1633704651,210.24,2
1633704654,210.21,1
1633704655,210.17,1
1633704659,210.21,2
1633704663,210.36,1
1633704664,210.37,1
1633704666,210.35,10
1633704667,210.35,40
1633704676,210.2,5
1633704677,210.26,1
1633704684,210.16,1
1633704691,210.15,6
1633704699,210.19,1
1633704704,210.2,3
1633704705,210.22,2
1633704707,210.23,2
1633704725,210.32,3
1633704740,210.56,5
1633704745,210.59,5
1633704752,210.65,1
1633704756,210.64,3
1633704761,210.63,24
1633704761,210.63,24
1633704776,210.57,12
1633704794,210.57,2
1633704796,210.58,1
1633704798,210.61,10
1633704799,210.6,1
1633704818,210.64,1
1633704840,210.58,1
1633704842,210.54,5
1633704854,210.54,3
1633704857,210.54,5
1633704857,210.54,3
1633704858,210.54,1
1633704864,210.6,2
1633704889,210.63,1
1633704893,210.66,1
1633704920,210.56,2
1633704931,210.51,2
1633704934,210.48,10
1633704936,210.46,1
1633704953,210.47,2
1633704965,210.62,1
1633704970,210.62,3
1633704971,210.62,1
1633704985,210.62,4
1633704987,210.62,6
1633704995,210.62,1
1633705023,210.61,1
1633705026,210.65,1
1633705027,210.65,2
1633705052,210.53,2
1633705060,210.55,1
1633705081,210.48,2
1633705086,210.57,3
1633705086,210.57,1
1633705090,210.63,8
1633705130,210.5,1
1633705130,210.51,3
1633705141,210.39,1
1633705148,210.49,10
1633705161,210.36,1
1633705172,210.42,1
1633705172,210.42,1
1633705173,210.41,34
1633705183,210.33,2
1633705184,210.34,1
1633705188,210.3,1
1633705200,210.32,8
1633705210,210.37,1
1633705212,210.34,11
1633705223,210.29,2
1633705235,210.21,1
1633705241,210.15,1
1633705259,210.14,1
1633705260,210.15,2
1633705263,210.14,2
1633705264,210.14,1
1633705264,210.14,9
1633705272,210.08,1
1633705275,210.13,3
1633705285,210.11,3
1633705293,210.23,20
1633705294,210.22,1
1633705318,210.2,2
1633705324,210.3,3
1633705328,210.37,1
1633705346,210.35,3
1633705348,210.35,1
1633705349,210.37,11
1633705349,210.37,1
1633705355,210.38,1
1633705381,210.49,1
1633705393,210.49,2
1633705395,210.49,1
1633705441,210.37,10
1633705451,210.33,1
1633705508,210.01,4
1633705512,210.08,1
1633705521,210.17,5
1633705524,210.19,2
1633705525,210.2,1
1633705537,210.13,1
1633705548,210.2,1
1633705588,210.15,1
1633705602,210.31,4
1633705614,210.25,1
1633705642,210.19,10
1633705668,210.28,17
1633705674,210.26,4
1633705676,210.26,10
1633705678,210.21,2
1633705694,210.13,10
1633705711,210.27,4
1633705713,210.29,1
1633705718,210.28,1
1633705723,210.28,3
1633705729,210.27,2
1633705740,210.31,2
1633705752,210.34,1
1633705754,210.32,2
1633705762,210.31,1
1633705776,210.37,3
1633705778,210.39,25
1633705788,210.37,1
1633705798,210.44,2
1633705814,210.28,1
1633705815,210.26,2
1633705826,210.33,2
1633705826,210.32,1
1633705844,210.24,1
1633705857,210.22,1
1633705870,210.29,1
1633705900,210.26,3
1633705922,210.32,1
1633705925,210.35,1
1633705929,210.38,1
1633705938,210.46,5
1633705971,210.44,2
1633705976,210.49,4
1633705997,210.53,1
1633706011,210.52,3
1633706026,210.46,1
1633706034,210.52,1
1633706041,210.52,2
1633706044,210.51,1
1633706050,210.48,1
1633706057,210.45,1
1633706057,210.45,1
1633706063,210.42,10
1633706075,210.46,1
1633706082,210.46,1
1633706088,210.45,5
1633706103,210.48,1
1633706115,210.43,1
1633706117,210.43,10
1633706122,210.46,1
1633706140,210.41,1
1633706147,210.43,7
1633706148,210.41,1
1633706155,210.43,1
1633706165,210.48,1
1633706195,210.49,5
1633706199,210.42,1
1633706203,210.41,2
1633706224,210.42,1
1633706228,210.44,1
1633706230,210.44,2
1633706257,210.42,1
1633706280,210.37,2
1633706293,210.43,11
1633706316,210.43,3
1633706317,210.43,13
1633706318,210.43,2
1633706321,210.52,1
1633706323,210.57,10
1633706330,210.55,2
1633706333,210.52,6
1633706337,210.58,10
1633706356,210.55,3
1633706375,210.53,5
1633706400,210.51,1
1633706401,210.51,3
1633706401,210.51,10
1633706417,210.46,2
1633706418,210.46,1
1633706434,210.35,1
1633706442,210.22,5
1633706458,210.1,4
1633706470,210.06,10
1633706480,210.13,10
1633706485,210.18,8
1633706497,210.25,1
1633706502,210.21,1
1633706508,210.25,5
1633706512,210.23,2
1633706556,210.3,2
1633706560,210.23,1
1633706590,210.18,3
1633706592,210.2,1
1633706595,210.15,1
1633706617,210.29,1
1633706619,210.29,3
1633706620,210.26,2
1633706659,210.1,3
1633706670,210.06,3
1633706693,209.98,3
1633706695,210.03,1
1633706718,209.97,2
1633706734,209.89,3
1633706734,209.89,3
1633706740,209.93,3
1633706741,209.93,6
1633706750,209.85,2
1633706754,209.88,1
1633706767,209.97,3
1633706773,210.01,1
1633706782,209.96,11
1633706785,209.95,1
1633706793,209.98,10
1633706798,209.98,1
1633706803,210.01,1
1633706811,210.04,3
1633706822,210.05,2
1633706826,210.04,3
1633706843,210.15,7
1633706853,210.15,1
1633706858,210.14,1
1633706862,210.13,2
1633706867,210.08,1
1633706877,210.1,2
1633706890,210.07,4
1633706891,210.07,1
1633706918,210.18,3
1633706929,210.11,1
1633706929,210.12,1
1633706930,210.12,50
1633706983,209.92,5
1633706988,209.91,2
1633706994,209.91,1
1633706999,209.91,2
1633707006,209.91,1
1633707008,209.91,2
1633707016,209.84,4
1633707017,209.84,1
1633707019,209.82,1
1633707020,209.83,5
1633707021,209.82,1
1633707023,209.81,1
1633707032,209.89,10
1633707033,209.89,1
1633707050,210,2
1633707072,209.92,4
1633707075,209.88,2
1633707075,209.88,2
1633707077,209.88,23
1633707106,209.93,1
1633707110,209.96,1
1633707126,210.1,1
1633707132,210.09,2
1633707142,210.12,1
1633707155,210.13,1
1633707156,210.15,1
1633707156,210.15,3
1633707158,210.15,2
1633707177,210.15,1
1633707197,210.11,3
1633707199,210.11,1
1633707203,210,1
1633707205,210.05,1
1633707209,210,1
1633707219,209.92,1
1633707231,209.93,2
1633707242,209.92,1
1633707244,209.96,3
1633707252,209.87,2
1633707253,209.88,1
1633707255,209.95,1
1633707257,209.89,1
1633707260,209.89,1
1633707268,209.85,3
1633707276,209.84,1
1633707277,209.82,1
1633707282,209.87,1
1633707287,209.9,2
1633707295,209.87,5
1633707317,209.77,3
1633707318,209.77,1
1633707323,209.77,24
1633707325,209.81,3
1633707327,209.76,2
1633707331,209.79,5
1633707332,209.82,1
1633707334,209.84,3
1633707345,209.89,1
1633707347,209.91,4
1633707359,209.79,3
1633707382,209.84,4
1633707385,209.82,2
1633707389,209.86,15
1633707395,209.82,3
1633707396,209.82,1
1633707399,209.82,2
1633707407,209.92,3
1633707409,209.95,9
1633707410,209.96,31
1633707410,209.96,1
1633707412,209.95,3
1633707427,209.89,1
1633707445,209.87,2
1633707462,209.88,1
1633707466,209.91,2
1633707469,209.91,4
1633707473,209.86,4
1633707474,209.86,1
1633707481,209.88,2
1633707496,209.82,2
1633707496,209.82,2
1633707506,209.77,1
1633707509,209.72,9
1633707510,209.71,1
1633707522,209.75,1
1633707540,209.84,2
1633707545,209.78,1
1633707584,209.79,1
1633707588,209.8,3
1633707594,209.8,2
1633707625,209.68,1
1633707635,209.66,5
1633707650,209.67,3
1633707677,209.68,1
1633707680,209.67,1
1633707726,209.68,3
1633707727,209.68,1
1633707736,209.71,4
1633707744,209.71,3
1633707758,209.73,3
1633707759,209.73,9
1633707785,209.67,3
1633707785,209.67,2
1633707788,209.68,1
1633707838,209.65,1
1633707844,209.6,10
1633707856,209.6,3
1633707867,209.57,10
1633707868,209.51,1
1633707871,209.44,7
1633707881,209.48,4
1633707890,209.46,1
1633707914,209.49,21
1633707915,209.49,1
1633707917,209.5,2
1633707929,209.55,6
1633707930,209.55,3
1633707933,209.6,1
1633707935,209.54,5
1633707946,209.48,4
1633707954,209.56,3
1633707961,209.44,1
1633707963,209.4,6
1633707964,209.42,1
1633707970,209.36,2
1633707973,209.4,1
1633707993,209.59,2
1633707993,209.59,2
1633707996,209.59,1
1633707998,209.61,1
1633708000,209.58,9
1633708004,209.61,2
1633708005,209.61,1
1633708019,209.67,3
1633708019,209.67,1
1633708020,209.64,1
1633708029,209.62,10
1633708031,209.6,1
1633708043,209.6,2
1633708045,209.6,1
1633708067,209.58,7
1633708098,209.51,6
1633708098,209.51,4
1633708101,209.49,1
1633708109,209.55,3
1633708112,209.5,1
1633708136,209.6,1
1633708159,209.61,9
1633708159,209.61,3
1633708169,209.62,1
1633708186,209.55,1
1633708232,209.41,1
1633708233,209.43,5
1633708236,209.4,1
1633708264,209.29,1
1633708281,209.27,1
1633708285,209.25,4
1633708295,209.35,1
1633708299,209.34,2
1633708304,209.44,1
1633708306,209.42,3
1633708310,209.46,1
1633708311,209.44,4
1633708317,209.4,1
1633708326,209.48,4
1633708327,209.48,1
1633708331,209.49,2
1633708339,209.43,1
1633708342,209.42,1
1633708347,209.4,1
1633708363,209.41,4
1633708366,209.41,1
1633708375,209.45,1
1633708376,209.46,1
1633708379,209.49,1
1633708382,209.51,3
1633708388,209.59,1
1633708398,209.52,3
1633708410,209.45,8
1633708445,209.39,2
1633708446,209.38,4
1633708513,209.35,14
1633708519,209.35,1
1633708530,209.37,1
1633708532,209.36,1
1633708575,209.4,3
1633708588,209.41,5
1633708607,209.42,1
1633708648,209.38,1
1633708687,209.28,1
1633708711,209.3,1
1633708714,209.29,1
1633708736,209.4,1
1633708747,209.41,5
1633708804,209.35,1
1633708815,209.45,3
1633708820,209.49,1
1633708830,209.43,4
1633708831,209.43,1
1633708846,209.45,3
1633708868,209.3,3
1633708868,209.3,1
1633708877,209.28,1
1633708891,209.25,2
1633708892,209.25,1
1633708895,209.25,1
1633708903,209.18,1
1633708906,209.16,1
1633708906,209.16,4
1633708922,209.23,1
1633708928,209.25,2
1633708936,209.26,4
1633708942,209.31,1
1633708945,209.33,2
1633708949,209.27,1
1633708956,209.31,2
1633708962,209.27,1
1633708978,209.37,3
1633708983,209.37,5
1633708983,209.37,3
1633709010,209.37,9
1633709024,209.36,1
1633709042,209.55,3
1633709056,209.51,1
1633709060,209.57,1
1633709074,209.62,21
1633709075,209.62,1
1633709080,209.59,1
1633709086,209.59,12
1633709087,209.59,1
1633709098,209.6,1
1633709108,209.61,4
1633709120,209.63,3
1633709121,209.63,2
1633709121,209.63,1
1633709139,209.65,10
1633709143,209.6,2
1633709144,209.6,1
1633709150,209.59,1
1633709160,209.59,1
1633709168,209.63,9
1633709176,209.61,2
1633709194,209.67,9
1633709216,209.62,2
1633709222,209.65,5
1633709227,209.63,9
1633709251,209.6,1
1633709255,209.6,10
1633709255,209.6,1
1633709273,209.57,3
1633709274,209.63,1
1633709292,209.68,5
1633709301,209.65,9
1633709315,209.74,6
1633709315,209.74,1
1633709321,209.71,2
1633709327,209.71,1
1633709377,209.7,1
1633709378,209.7,9
1633709387,209.68,2
1633709388,209.68,1
1633709398,209.69,9
1633709407,209.69,1
1633709426,209.68,10
1633709427,209.68,1
1633709450,209.6,3
1633709455,209.56,10
1633709476,209.56,19
1633709491,209.63,5
1633709499,209.64,8
1633709499,209.64,1
1633709514,209.56,1
1633709522,209.51,2
1633709524,209.5,1
1633709587,209.41,2
1633709603,209.52,3
1633709604,209.52,1
1633709605,209.52,5
1633709606,209.5,1
1633709609,209.51,5
1633709657,209.64,2
1633709667,209.65,4
1633709670,209.65,3
1633709679,209.64,6
1633709688,209.68,4
1633709734,209.49,3
1633709744,209.45,4
1633709748,209.45,1
1633709755,209.54,9
1633709769,209.55,1
1633709780,209.61,3
1633709801,209.57,2
1633709848,209.37,1
1633709854,209.37,2
1633709871,209.41,3
1633709887,209.45,1
1633709944,209.45,1
1633709972,209.37,3
1633709987,209.33,1
1633709992,209.37,3
1633709993,209.41,2
1633709997,209.36,1
1633710028,209.43,1
1633710041,209.39,2
1633710042,209.39,1
1633710085,209.24,6
1633710085,209.24,1
1633710094,209.24,1
1633710115,209.24,3
1633710120,209.26,5
1633710123,209.22,1
1633710132,209.27,9
1633710147,209.28,5
1633710149,209.28,2
1633710155,209.24,1
1633710163,209.22,1
1633710180,209.21,3
1633710184,209.21,5
1633710185,209.21,1
1633710206,209.32,1
1633710211,209.32,1
1633710216,209.29,1
1633710221,209.28,10
1633710237,209.29,1
1633710279,209.26,3
1633710296,209.21,1
1633710314,209.24,1
1633710338,209.16,1
1633710345,209.04,1
1633710347,209.09,5
1633710348,209.09,1
1633710350,209.09,2
1633710368,209.11,4
1633710369,209.1,6
1633710372,209.09,10
1633710384,209.11,5
1633710388,209.03,4
1633710394,208.95,33
1633710429,208.93,3
1633710431,208.93,1
1633710437,208.97,10
1633710444,208.94,1
1633710446,208.99,2
1633710453,209.02,7
1633710454,209.02,1
1633710458,209.02,4
1633710458,209.02,5
1633710467,208.99,1
1633710469,208.98,5
1633710470,208.98,1
1633710480,208.96,1
1633710483,208.96,5
1633710485,208.95,2
1633710495,208.97,11
1633710508,208.93,4
1633710542,209,5
1633710567,208.94,5
1633710570,208.97,2
1633710586,208.97,2
1633710589,208.96,1
1633710595,208.95,2
1633710596,208.95,1
1633710608,209,1
1633710611,208.98,1
1633710614,208.96,6
1633710628,208.99,2
1633710633,209.07,2
1633710635,209.07,3
1633710635,209.07,5
1633710652,209.1,1
1633710653,209.15,1
1633710660,209.1,5
1633710660,209.1,1
1633710678,209.14,10
1633710685,209.19,3
1633710690,209.16,5
1633710699,209.12,1
1633710703,209.08,10
1633710709,209.05,1
1633710716,209.01,3
1633710717,209.03,5
1633710719,209.01,6
1633710722,208.98,8
1633710736,208.98,1
1633710771,208.93,2
1633710793,209.04,2
1633710795,209.02,4
1633710843,209.11,7
1633710845,209.07,10
1633710856,209.02,15
1633710856,209.02,1
1633710863,208.98,4
1633710881,209.11,8
1633710882,209.11,4
1633710894,209.09,1
1633710899,209.09,2
1633710902,209.12,1
1633710919,209.14,1
1633710919,209.14,2
1633710953,209.1,1
1633710967,209.06,3
1633710986,209.13,4
1633711028,209.1,2
1633711043,209.07,4
1633711045,209.07,1
1633711081,209.07,15
1633711140,209.19,3
1633711143,209.23,5
1633711144,209.23,1
1633711152,209.31,6
1633711154,209.27,5
1633711155,209.29,2
1633711196,209.44,1
1633711220,209.33,3
1633711231,209.51,1
1633711233,209.52,10
1633711241,209.5,2
1633711249,209.57,1
1633711251,209.56,1
1633711258,209.62,2
1633711267,209.61,3
1633711292,209.62,2
1633711299,209.68,4
1633711301,209.65,1
1633711322,209.61,1
1633711347,209.55,1
1633711352,209.55,3
1633711363,209.55,3
1633711382,209.53,6
1633711387,209.53,1
1633711413,209.52,2
1633711420,209.53,2
1633711421,209.53,1
1633711427,209.51,1
1633711453,209.5,2
1633711453,209.5,1
1633711461,209.52,1
1633711470,209.54,1
1633711476,209.54,3
1633711500,209.54,2
1633711515,209.45,5
1633711526,209.39,1
1633711539,209.41,7
1633711558,209.38,4
1633711573,209.37,1
1633711587,209.4,1
1633711602,209.37,1
1633711609,209.35,5
1633711613,209.3,1
1633711616,209.32,1
1633711645,209.24,4
1633711646,209.24,1
1633711650,209.24,7
1633711655,209.24,1
1633711657,209.21,2
1633711662,209.26,4
1633711672,209.27,5
1633711674,209.34,1
1633711691,209.26,5
1633711692,209.26,1
1633711707,209.32,10
1633711707,209.32,1
1633711713,209.33,10
1633711720,209.24,3
1633711737,209.24,24
1633711752,209.24,2
1633711752,209.24,1
1633711828,209.24,11
1633711843,209.27,1
1633711869,209.32,27
1633711871,209.32,20
1633711879,209.3,3
1633711901,209.3,15
1633711904,209.3,5
1633711936,209.27,2
1633711944,209.23,1
1633711978,209.24,4
1633712152,209.26,5
1633712154,209.28,4
1633712225,209.3,1
1633712288,209.16,4
1633712301,209.22,1
1633712325,209.19,1
1633712340,209.12,4
1633712396,209.13,1
1633712398,209.11,1
1633712399,209.11,3
1633712403,209.13,3
1633712456,209.19,2
1633712457,209.17,1
1633712480,209.27,6
1633712498,209.28,5
1633712508,209.26,2
1633712516,209.29,2
1633712523,209.31,2
1633712531,209.36,1
1633712546,209.35,5
1633712552,209.33,2
1633712553,209.33,4
1633712555,209.34,3
1633712581,209.41,1
1633712591,209.44,1
1633712601,209.42,10
1633712602,209.42,1
1633712623,209.35,1
1633712628,209.35,10
1633712634,209.31,6
1633712662,209.21,2
1633712666,209.21,4
1633712669,209.21,1
1633712678,209.19,5
1633712679,209.19,1
1633712690,209.09,1
1633712696,209.13,4
1633712696,209.13,1
1633712704,209.05,9
1633712704,209.05,1
1633712705,209.05,5
1633712715,209.1,4
1633712731,209.09,2
1633712783,209.12,3
1633712787,209.11,4
1633712802,209.08,1
1633712832,209.12,1
1633712839,209.14,11
1633712845,209.11,2
1633712846,209.12,1
1633712875,209.17,3
1633712885,209.08,2
1633712887,209.08,4
1633712909,209.03,2
1633712914,209.05,1
1633712938,209.07,3
1633712946,209.07,1
1633712998,209.09,4
1633713086,209.11,3
1633713105,209.17,1
1633713120,209.12,5
1633713121,209.12,3
1633713135,209.1,2
1633713139,209.09,3
1633713141,209.09,1
1633713167,209.2,3
1633713180,209.21,5
1633713188,209.21,1
1633713198,209.15,1
1633713198,209.15,2
1633713199,209.16,3
1633713241,209.15,2
1633713255,209.1,2
1633713255,209.1,1
1633713262,209.13,2
1633713300,209.05,3
1633713306,208.99,5
1633713307,208.99,2
1633713347,208.74,3
1633713348,208.74,1
1633713356,208.54,3
1633713357,208.54,1
1633713368,208.31,7
1633713372,208.34,1
1633713374,208.3,1
1633713378,208.33,1
1633713381,208.3,1
1633713395,208.36,3
1633713414,208.33,2
1633713424,208.42,6
1633713425,208.41,2
1633713431,208.41,5
1633713432,208.45,2
1633713436,208.46,1
1633713437,208.48,2
1633713441,208.43,1
1633713444,208.44,2
1633713452,208.46,5
1633713465,208.47,3
1633713478,208.37,10
1633713494,208.39,1
1633713500,208.4,10
1633713500,208.4,28
1633713501,208.4,20
1633713503,208.4,2
1633713533,208.46,4
1633713543,208.37,2
1633713544,208.37,1
1633713544,208.37,2
1633713549,208.34,5
1633713550,208.35,2
1633713552,208.39,4
1633713576,208.33,5
1633713577,208.31,1
1633713602,208.13,4
1633713604,208.12,3
1633713604,208.12,2
1633713607,208.13,2
1633713613,208.17,2
1633713614,208.17,1
1633713619,208.18,1
1633713627,208.21,5
1633713632,208.21,1
1633713641,208.23,1
1633713650,208.24,1
1633713653,208.26,2
1633713655,208.26,1
1633713658,208.28,1
1633713666,208.31,3
1633713667,208.3,1
1633713671,208.34,8
1633713679,208.32,1
1633713683,208.32,1
1633713693,208.29,2
1633713694,208.29,1
1633713694,208.29,3
1633713696,208.33,6
1633713708,208.29,1
1633713719,208.31,1
1633713729,208.2,5
1633713732,208.2,20
1633713732,208.2,1
1633713740,208.16,1
1633713749,208.15,1
1633713755,208.22,1
1633713757,208.23,2
1633713803,208.21,8
1633713804,208.21,1
1633713823,208.24,3
1633713825,208.24,1
1633713828,208.21,3
1633713853,208.21,11
1633713859,208.2,1
1633713879,208.15,9
1633713888,208.17,5
1633713894,208.14,1
1633713905,208.2,2
1633713906,208.2,1
1633713916,208.26,2
1633713932,208.29,4
1633713960,208.31,3
1633713971,208.34,2
1633713972,208.34,1
1633713972,208.34,4
1633713998,208.35,2
1633714014,208.24,2
1633714023,208.15,4
1633714027,208.11,2
1633714032,208,9
1633714050,207.98,1
1633714052,207.96,5
1633714054,207.97,1
1633714060,207.97,5
1633714060,207.97,6
1633714071,208,1
1633714081,208.01,15
1633714085,208.05,4
1633714093,208.05,1
1633714096,208.1,5
1633714103,208.06,5
1633714142,208.15,14
1633714144,208.15,1
1633714147,208.18,8
1633714148,208.18,4
1633714155,208.22,7
1633714155,208.22,1
1633714167,208.21,1
1633714181,208.24,1
1633714193,208.16,4
1633714201,208.02,8
1633714206,208.01,5
1633714219,208.04,12
1633714222,208.08,2
1633714239,208.18,1
1633714259,208.15,2
1633714262,208.13,2
1633714266,208.13,1
1633714269,208.12,2
1633714311,208.15,2
1633714338,208.07,4
1633714339,208.07,3
1633714344,208.13,2
1633714352,208.1,6
1633714352,208.1,8
1633714363,208.13,1
1633714366,208.13,4
1633714368,208.13,1
1633714370,208.13,10
1633714371,208.13,4
1633714371,208.1,1
1633714386,208.1,5
1633714387,208.1,2
1633714412,208.13,4
1633714429,208.16,1
1633714435,208.15,20
1633714439,208.18,1
1633714442,208.14,4
1633714449,208.15,2
1633714452,208.14,1
1633714484,208.23,1
1633714507,208.16,4
1633714551,208.18,50
1633714574,208.11,1
1633714579,208.1,7
1633714580,208.08,6
1633714593,208.09,1
1633714609,208.02,2
1633714623,208.01,5
1633714625,208.02,2
1633714625,208.04,1
1633714645,207.99,1
1633714648,207.97,1
1633714667,207.85,2
1633714668,207.88,1
1633714668,207.88,2
1633714671,207.87,1
1633714681,207.94,1
1633714685,207.97,2
1633714699,207.99,3
1633714732,207.99,1
1633714735,207.98,2
1633714742,208.01,20
1633714744,208.03,4
1633714750,208,2
1633714757,207.99,1
1633714794,208.02,4
1633714795,208,14
1633714796,208.02,1
1633714803,208.07,1
1633714803,208.07,4
1633714817,208.04,2
1633714826,208.04,1
1633714828,208.1,1
1633714851,208.1,4
1633714857,208.09,1
1633714867,208.29,2
1633714876,208.23,3
1633714877,208.23,1
1633714922,208.24,1
1633714932,208.19,3
1633714960,208.12,1
1633714964,208.13,4
1633714965,208.14,3
1633714966,208.14,1
1633714971,208.12,2
1633714986,208.12,1
1633714987,208.12,2
1633714998,208.15,1
1633715027,208.16,3
1633715029,208.16,2
1633715045,208.22,30
1633715048,208.25,1
1633715075,208.2,1
1633715076,208.2,4
1633715149,208.15,1
1633715149,208.15,3
1633715152,208.15,5
1633715158,208.15,1
1633715187,208.14,1
1633715220,208.18,1
1633715228,208.25,1
1633715233,208.2,1
1633715262,208.33,3
1633715280,208.34,1
1633715284,208.3,1
1633715289,208.33,2
1633715310,208.29,1
1633715339,208.32,1
1633715345,208.36,1
1633715348,208.35,5
1633715350,208.35,2
1633715366,208.38,5
1633715372,208.4,18
1633715373,208.4,1
1633715382,208.42,3
1633715385,208.47,1
1633715387,208.47,1
1633715402,208.4,1
1633715405,208.39,1
1633715412,208.4,1
1633715425,208.43,1
1633715437,208.45,2
1633715458,208.44,1
1633715498,208.4,10
1633715500,208.41,3
1633715502,208.41,1
1633715504,208.39,4
1633715518,208.37,3
1633715519,208.37,1
1633715523,208.4,1
1633715534,208.37,5
1633715538,208.45,2
1633715556,208.4,5
1633715557,208.4,3
1633715557,208.4,10
1633715563,208.44,2
1633715583,208.4,7
1633715612,208.35,1
1633715613,208.35,5
1633715622,208.35,1
1633715715,208.38,4
1633715721,208.37,4
1633715722,208.37,1
1633715734,208.32,1
1633715761,208.54,3
1633715787,208.66,5
1633715814,208.71,3
1633715817,208.75,2
1633715819,208.74,2
1633715820,208.74,3
1633715838,208.67,5
1633715862,208.63,1
1633715883,208.59,1
1633715909,208.66,4
1633715921,208.66,30
1633715943,208.63,3
1633715965,208.6,1
1633715966,208.6,13
1633715969,208.6,1
1633715973,208.61,5
1633715976,208.59,2
1633715991,208.64,1
1633716003,208.72,1
1633716065,208.7,1
1633716071,208.77,1
1633716075,208.73,30
1633716075,208.73,1
1633716082,208.74,2
1633716099,208.76,11
1633716142,208.69,3
1633716142,208.69,1
1633716169,208.7,4
1633716193,208.77,1
1633716208,208.77,1
1633716218,208.76,5
1633716225,208.78,1
1633716238,208.78,2
1633716245,208.79,1
1633716248,208.79,1
1633716253,208.74,2
1633716255,208.78,1
1633716286,208.75,1
1633716290,208.72,1
1633716340,208.81,1
1633716342,208.82,1
1633716376,208.8,1
1633716383,208.76,1
1633716388,208.75,1
1633716400,208.74,5
1633716403,208.73,2
1633716406,208.73,9
1633716407,208.74,1
1633716411,208.71,5
1633716415,208.7,1
1633716420,208.74,2
1633716428,208.74,2
1633716431,208.77,2
1633716437,208.75,1
1633716437,208.75,1
1633716456,208.7,1
1633716467,208.71,1
1633716467,208.7,1
1633716468,208.7,2
1633716493,208.76,10
1633716494,208.75,4
1633716498,208.75,1
1633716502,208.77,1
1633716509,208.77,7
1633716511,208.8,4
1633716513,208.77,1
1633716515,208.78,2
1633716525,208.76,3
1633716528,208.76,1
1633716540,208.77,9
1633716577,208.75,3
1633716582,208.72,1
1633716587,208.72,10
1633716604,208.67,2
1633716625,208.54,2
1633716635,208.58,5
1633716656,208.57,5
1633716659,208.55,1
1633716664,208.54,1
1633716671,208.51,2
1633716673,208.53,1
1633716682,208.54,10
1633716684,208.54,1
1633716694,208.48,3
1633716694,208.48,10
1633716695,208.48,1
1633716695,208.52,2
1633716719,208.55,1
1633716724,208.57,1
1633716726,208.57,1
1633716729,208.6,4
1633716730,208.6,7
1633716731,208.59,2
1633716734,208.6,4
1633716738,208.65,10
1633716739,208.65,7
1633716758,208.71,1
1633716763,208.71,5
1633716773,208.69,1
1633716774,208.66,2
1633716798,208.67,1
1633716806,208.65,1
1633716817,208.64,1
1633716822,208.66,1
1633716876,208.75,1
1633716880,208.78,1
1633716884,208.76,3
1633716891,208.7,1
1633716928,208.69,2
1633716930,208.69,1
1633716930,208.69,7
1633716945,208.66,5
1633716947,208.66,1
1633716958,208.66,2
1633716962,208.66,30
1633716973,208.66,1
1633716981,208.66,2
1633716988,208.61,1
1633717002,208.67,1
1633717015,208.73,1
1633717027,208.76,3
1633717032,208.76,1
1633717038,208.8,10
1633717038,208.8,1
1633717057,208.76,2
1633717085,208.85,4
1633717093,208.9,1
1633717104,208.96,2
1633717105,208.95,1
1633717121,208.95,2
1633717131,209.01,3
1633717132,209.01,6
1633717132,209.01,1
1633717157,208.93,1
1633717170,208.96,1
1633717179,208.96,1
1633717199,208.88,4
1633717200,208.88,1
1633717262,208.92,4
1633717299,208.82,1
1633717305,208.79,1
1633717306,208.79,12
1633717306,208.79,1
1633717372,208.95,5
1633717373,208.95,1
1633717380,209.01,1
1633717381,209,1
1633717384,209.01,1
1633717390,209.01,2
1633717390,209.01,3
1633717415,208.99,4
1633717423,208.96,1
1633717446,208.9,1
1633717488,209.05,1
1633717490,209.05,2
1633717494,209.05,1
1633717500,209.07,4
1633717500,209.07,1
1633717516,209.07,4
1633717517,209.05,1
1633717519,209.04,4
1633717520,209.04,1
1633717534,209.02,12
1633717551,209.12,2
1633717556,209.15,3
1633717561,209.15,1
1633717573,209.2,2
1633717580,209.19,2
1633717587,209.15,3
1633717597,209.16,5
1633717599,209.16,1
1633717606,209.15,1
1633717611,209.13,1
1633717614,209.15,1
1633717629,209.17,1
1633717637,209.32,14
1633717639,209.32,10
1633717640,209.29,1
1633717644,209.31,2
1633717657,209.25,4
1633717658,209.25,2
1633717659,209.22,3
1633717666,209.28,2
1633717667,209.29,18
1633717735,209.24,3
1633717752,209.28,1
1633717769,209.25,5
1633717770,209.25,2
1633717772,209.25,1
1633717776,209.21,10
1633717802,209.25,4
1633717807,209.21,10
1633717810,209.23,1
1633717810,209.23,7
1633717818,209.22,3
1633717821,209.21,2
1633717823,209.21,5
1633717830,209.18,4
1633717839,209.23,4
1633717849,209.25,1
1633717871,209.22,1
1633717875,209.23,1
1633717882,209.26,10
1633717884,209.26,5
1633717890,209.32,3
1633717900,209.32,2
1633717900,209.35,1
1633717902,209.34,2
1633717902,209.33,1
1633717902,209.33,1
1633717909,209.3,1
1633717910,209.29,10
1633717911,209.3,1
1633717917,209.23,2
1633717926,209.2,3
1633717933,209.17,10
1633717935,209.16,10
1633717939,209.15,4
1633717939,209.15,2
1633717954,209.15,3
1633717957,209.19,2
1633717958,209.2,3
1633717971,209.24,2
1633717975,209.21,2
1633717978,209.21,3
1633717989,209.27,4
1633717991,209.29,1
1633717991,209.29,1
1633717997,209.3,3
1633717999,209.3,2
1633718006,209.35,1
1633718029,209.29,1
1633718034,209.27,2
1633718037,209.26,1
1633718038,209.26,10
1633718040,209.23,2
1633718041,209.25,1
1633718050,209.24,1
1633718075,209.28,10
1633718075,209.28,10
1633718082,209.26,1
1633718127,209.16,1
1633718135,209.14,3
1633718135,209.14,1
1633718139,209.14,1
1633718147,209.17,17
1633718154,209.18,4
1633718160,209.17,10
1633718160,209.17,10
1633718165,209.13,19
1633718166,209.13,1
1633718169,209.1,2
1633718175,209.11,4
1633718181,209.09,4
1633718182,209.09,1
1633718194,209.05,1
1633718206,209.07,2
1633718221,209.07,1
1633718227,209.07,21
1633718231,208.99,1
1633718237,208.96,5
1633718238,208.95,2
1633718238,208.95,1
1633718250,208.95,30
1633718254,208.96,3
1633718256,208.94,2
1633718256,208.94,1
1633718257,208.96,5
1633718265,208.96,1
1633718266,208.96,2
1633718267,208.98,1
1633718277,208.9,1
1633718278,208.93,1
1633718283,209.01,5
1633718293,209.06,3
1633718297,209.02,2
1633718298,209.06,1
1633718300,209.07,7
1633718300,209.07,1
1633718304,209.08,1
1633718304,209.08,3
1633718305,209.08,1
1633718318,209.04,3
1633718319,209.04,2
1633718322,209.07,18
1633718322,209.07,18
1633718333,209.04,3
1633718365,209.1,1
1633718366,209.1,7
1633718419,209.1,1
1633718426,209.11,1
1633718438,209.1,2
1633718439,209.09,1
1633718445,209.08,1
1633718454,209.05,3
1633718466,209.1,4
1633718481,209.1,1
1633718500,209.1,5
1633718502,209.09,2
1633718507,209.08,3
1633718518,209.13,1
1633718519,209.15,16
1633718520,209.15,4
1633718531,209.18,2
1633718533,209.18,3
1633718535,209.2,1
1633718536,209.2,2
1633718544,209.16,3
1633718546,209.16,1
1633718563,209.15,1
1633718566,209.16,1
1633718581,209.18,1
1633718596,209.16,1
1633718604,209.18,3
1633718608,209.17,2
1633718609,209.17,1
1633718613,209.15,1
1633718622,209.18,1
1633718630,209.16,5
1633718634,209.15,2
1633718719,209.12,3
1633718729,209.13,2
1633718730,209.13,1
1633718741,209.16,1
1633718754,209.17,2
1633718758,209.16,1
1633718776,209.18,1
1633718780,209.13,10
1633718793,209.13,26
1633718799,209.14,5
1633718830,209.13,11
1633718838,209.13,2
1633718849,209.16,1
1633718851,209.16,5
1633718852,209.16,10
1633718866,209.13,9
1633718872,209.12,5
1633718873,209.11,10
1633718874,209.1,1
1633718877,209.09,4
1633718879,209.1,1
1633718879,209.1,2
1633718895,209.14,1
1633718911,209.22,6
1633718927,209.28,2
1633718928,209.28,1
1633718930,209.3,1
1633718940,209.32,10
1633718947,209.29,1
1633718949,209.31,5
1633718951,209.26,2
1633718952,209.26,1
1633718957,209.26,10
1633718965,209.24,1
1633718968,209.24,1
1633718981,209.21,10
1633718996,209.24,1
1633718997,209.24,9
1633719004,209.2,17
1633719006,209.2,1
1633719058,209.18,15
1633719059,209.17,1
1633719068,209.14,1
1633719076,209.15,1
1633719095,209.1,3
1633719118,209.1,12
1633719119,209.1,1
1633719123,209.11,1
1633719131,209.14,3
1633719137,209.13,1
1633719142,209.12,2
1633719163,209.09,1
1633719164,209.06,1
1633719192,209.1,1
1633719202,209.08,3
1633719208,209.1,1
1633719209,209.1,11
1633719210,209.1,1
1633719243,209.05,15
1633719244,209.05,1
1633719262,209.06,8
1633719268,209.06,4
1633719274,209.06,1
1633719299,209,1
1633719302,208.97,1
1633719303,208.96,3
1633719303,208.96,3
1633719305,208.97,1
1633719310,208.96,4
1633719315,209,1
1633719352,209.11,5
1633719424,209.07,4
1633719425,209.07,1
1633719429,209.05,1
1633719452,209.08,2
1633719456,209.07,4
1633719459,209.06,14
1633719465,209.1,1
1633719483,209.12,1
1633719511,209.15,1
1633719518,209.18,18
1633719539,209.15,1
1633719543,209.18,5
1633719552,209.18,1
1633719557,209.15,4
1633719599,209.13,6
1633719616,209.23,20
1633719617,209.26,5
1633719629,209.24,18
1633719647,209.22,1
1633719655,209.28,5
1633719657,209.29,6
1633719659,209.29,1
1633719673,209.3,11
1633719709,209.1,1
1633719712,209.1,10
1633719724,209.1,1
1633719759,209.01,3
1633719759,209.01,1
1633719769,208.83,4
1633719782,208.9,2
1633719797,208.89,8
1633719798,208.89,1
1633719805,208.85,1
1633719809,208.87,1
1633719809,208.87,24
1633719822,208.86,1
1633719834,208.86,1
1633719835,208.87,2
1633719837,208.88,4
1633719838,208.88,2
1633719845,208.85,3
1633719846,208.85,6
1633719862,208.9,6
1633719862,208.9,1
1633719868,208.95,4
1633719869,208.96,1
1633719874,208.98,4
1633719886,209.01,1
1633719895,209.01,6
1633719932,209.06,1
1633719958,208.99,1
1633719961,209.02,1
1633719964,209.04,1
1633719967,209.05,4
1633719967,209.05,6
1633719968,209.05,1
1633719981,209.05,3
1633719991,209.11,2
1633720010,209.07,4
1633720032,209.12,1
1633720040,209.16,1
1633720043,209.17,2
1633720050,209.25,3
1633720051,209.26,1
1633720060,209.3,8
1633720072,209.36,1
1633720076,209.37,3
1633720077,209.38,4
1633720077,209.38,1
1633720081,209.38,7
1633720084,209.37,12
1633720085,209.37,5
1633720086,209.36,5
1633720106,209.31,2
1633720111,209.32,3
1633720112,209.32,1
1633720128,209.32,1
1633720130,209.31,2
1633720147,209.27,2
1633720147,209.27,1
1633720155,209.21,1
1633720162,209.19,2
1633720178,209.28,1
1633720214,209.23,2
1633720217,209.23,3
1633720219,209.23,1
1633720220,209.23,16
1633720240,209.16,2
1633720241,209.16,1
1633720254,209.12,2
1633720285,209.26,11
1633720289,209.29,2
1633720289,209.29,1
1633720315,209.3,19
1633720380,209.2,1
1633720385,209.21,6
1633720427,209.24,2
1633720430,209.24,1
1633720446,209.23,1
1633720448,209.23,3
1633720449,209.23,1
1633720451,209.24,3
1633720456,209.24,2
1633720466,209.2,6
1633720467,209.2,3
1633720480,209.26,3
1633720483,209.25,1
1633720491,209.24,3
1633720516,209.24,3
1633720557,209.22,3
1633720583,209.13,1
1633720612,209.01,2
1633720623,209.04,2
1633720624,209.04,1
1633720645,209.01,4
1633720658,208.96,9
1633720668,208.88,4
1633720672,208.88,1
1633720683,208.89,1
1633720689,208.89,2
1633720708,208.92,3
1633720708,208.92,2
1633720711,208.92,1
1633720727,208.94,1
1633720738,208.93,1
1633720740,208.92,5
1633720744,208.96,5
1633720746,208.96,2
1633720755,208.95,5
1633720756,208.95,2
1633720770,208.91,2
1633720771,208.91,1
1633720795,209.02,2
1633720798,209.01,5
1633720799,209.01,4
1633720799,209.01,1
1633720803,209.03,1
1633720807,209.01,2
1633720813,209.01,2
1633720830,208.99,2
1633720842,208.92,2
1633720845,208.91,8
1633720860,208.89,1
1633720875,208.9,15
1633720877,208.9,1
1633720922,208.94,9
1633720922,208.94,4
1633720929,208.98,3
1633720929,208.98,6
1633720937,208.97,4
1633720949,208.93,6
1633720957,208.95,2
1633720959,208.97,2
1633720962,208.98,2
1633720968,208.95,4
1633720976,209.01,1
1633720978,209.02,5
1633720979,209.02,3
1633720983,209.03,15
1633721000,209.05,2
1633721002,209.06,1
1633721003,209.06,6
1633721007,209.08,2
1633721012,209.04,6
1633721016,209.04,1
1633721035,209.01,2
1633721041,209,2
1633721050,208.98,2
1633721073,208.94,2
1633721100,208.91,1
1633721112,208.97,2
1633721126,208.91,6
1633721134,208.88,2
1633721135,208.87,1
1633721139,208.87,5
1633721167,208.9,6
1633721199,209.05,3
1633721204,209.06,3
1633721204,209.06,8
1633721222,209.15,5
1633721223,209.15,4
1633721250,209.15,3
1633721255,209.15,2
1633721272,209.16,1
1633721329,209.08,3
1633721338,209.1,4
1633721345,209.06,6
1633721346,209.06,1
1633721362,209.07,4
1633721362,209.07,2
1633721376,209.05,9
1633721383,209.1,13
1633721413,209.07,3
1633721419,209.07,5
1633721424,209.08,4
1633721445,209.02,4
1633721447,209.05,1
1633721461,209.03,1
1633721483,209.13,4
1633721484,209.15,2
1633721485,209.15,1
1633721486,209.15,2
1633721486,209.15,1
1633721490,209.11,4
1633721493,209.1,5
1633721497,209.11,1
1633721513,209.09,3
1633721520,209.06,5
1633721521,209.06,1
1633721531,209.08,1
1633721568,208.99,2
1633721577,208.99,6
1633721578,208.98,10
1633721583,208.98,1
1633721588,208.94,4
1633721589,208.94,1
1633721620,209.01,5
1633721633,208.97,3
1633721655,209.08,6
1633721656,209.09,6
1633721667,209.07,1
1633721735,208.95,1
1633721742,208.95,7
1633721752,208.96,1
1633721772,208.72,2
1633721775,208.76,3
1633721779,208.74,4
1633721785,208.77,2
1633721786,208.74,2
1633721789,208.73,13
1633721790,208.73,1
1633721802,208.64,5
1633721810,208.55,3
1633721814,208.49,1
1633721819,208.52,35
1633721819,208.52,2
1633721820,208.52,1
1633721827,208.53,1
1633721841,208.48,1
1633721855,208.48,4
1633721870,208.49,2
1633721877,208.55,3
1633721877,208.55,1
1633721897,208.73,2
1633721898,208.73,1
1633721900,208.73,6
1633721915,208.67,1
1633721939,208.61,1
1633721941,208.58,4
1633721944,208.6,2
1633721944,208.6,1
1633721945,208.6,5
1633721946,208.6,6
1633721949,208.59,2
1633721952,208.55,2
1633721958,208.58,1
1633721961,208.57,3
1633721993,208.8,4
1633721997,208.81,3
1633721998,208.81,1
1633721999,208.83,1
1633722021,208.82,6
1633722023,208.82,3
1633722028,208.84,6
1633722034,208.83,13
1633722037,208.82,1
1633722047,208.79,4
1633722051,208.76,1
1633722055,208.78,4
1633722057,208.76,3
1633722064,208.76,3
1633722083,208.83,1
1633722092,208.85,1
1633722095,208.86,1
1633722096,208.86,4
1633722099,208.86,1
1633722116,208.84,5
1633722128,208.82,1
1633722134,208.76,10
1633722135,208.76,1
1633722136,208.76,2
1633722138,208.76,1
1633722164,208.74,4
1633722171,208.74,2
1633722175,208.68,2
1633722219,208.74,1
1633722234,208.82,4
1633722235,208.82,1
1633722262,208.81,15
1633722274,208.84,5
1633722277,208.82,1
1633722287,208.82,2
1633722303,208.85,7
1633722304,208.85,1
1633722308,208.84,3
1633722310,208.86,3
1633722316,208.83,10
1633722320,208.82,2
1633722321,208.82,1
1633722333,208.8,5
1633722342,208.85,2
1633722344,208.84,1
1633722346,208.84,3
1633722347,208.84,1
1633722350,208.84,1
1633722358,208.82,2
1633722360,208.78,3
1633722361,208.78,1
1633722382,208.8,3
1633722388,208.82,2
1633722389,208.85,3
1633722402,208.87,2
1633722425,208.89,6
1633722429,208.9,2
1633722430,208.9,3
1633722431,208.9,1
1633722436,208.93,1
1633722438,208.93,80
1633722438,208.93,1
1633722442,208.93,4
1633722442,208.93,1
1633722452,208.88,3
1633722455,208.88,1
1633722460,208.9,2
1633722474,208.93,2
1633722482,208.95,5
1633722483,208.95,1
1633722485,208.95,4
1633722493,208.92,11
1633722494,208.92,1
1633722499,208.93,4
1633722518,208.75,2
1633722523,208.75,6
1633722531,208.77,3
1633722535,208.79,2
1633722536,208.79,5
1633722542,208.76,2
1633722544,208.74,2
1633722558,208.69,1
1633722560,208.71,1
1633722563,208.71,3
1633722564,208.74,2
1633722575,208.65,2
1633722600,208.59,1
1633722604,208.46,2
1633722613,208.39,1
1633722614,208.39,10
1633722624,208.29,3
1633722628,208.3,10
1633722629,208.3,1
1633722632,208.36,3
1633722634,208.34,6
1633722635,208.37,2
1633722646,208.36,2
1633722650,208.39,2
1633722652,208.25,2
1633722654,208.29,6
1633722654,208.29,1
1633722676,208.46,1
1633722678,208.49,3
1633722678,208.49,1
1633722684,208.35,6
1633722685,208.35,1
1633722688,208.33,2
1633722692,208.38,3
1633722695,208.37,1
1633722711,208.34,10
1633722725,208.35,1
1633722737,208.44,6
1633722740,208.4,1
1633722741,208.4,3
1633722752,208.42,1
1633722769,208.34,5
1633722774,208.39,2
1633722775,208.39,1
1633722803,208.45,5
1633722816,208.24,30
1633722816,208.24,1
1633722819,208.24,1
1633722831,208.37,3
1633722841,208.39,1
1633722851,208.42,1
1633722852,208.41,2
1633722853,208.41,6
1633722853,208.41,3
1633722855,208.39,2
1633722856,208.38,1
1633722861,208.32,2
1633722863,208.32,1
1633722867,208.29,5
1633722867,208.29,2
1633722876,208.27,1
1633722879,208.28,1
1633722909,208.39,4
1633722915,208.39,2
1633722943,208.41,6
1633722944,208.4,1
1633722948,208.43,1
1633722957,208.36,2
1633722969,208.35,1
1633722987,208.35,6
1633723000,208.38,7
1633723004,208.37,5
1633723005,208.37,1
1633723008,208.35,3
1633723021,208.32,5
1633723021,208.32,1
1633723043,208.35,3
1633723048,208.37,2
1633723049,208.37,1
1633723057,208.37,2
1633723062,208.4,8
1633723062,208.4,10
1633723073,208.4,2
1633723080,208.38,9
1633723080,208.38,1
1633723082,208.43,2
1633723083,208.43,1
1633723086,208.45,1
1633723087,208.43,5
1633723094,208.4,4
1633723094,208.4,1
1633723103,208.4,3
1633723104,208.4,1
1633723110,208.43,3
1633723116,208.38,5
1633723120,208.38,1
1633723125,208.37,1
1633723125,208.37,4
1633723126,208.37,2
1633723126,208.37,3
1633723127,208.37,1
1633723133,208.39,5
1633723136,208.37,1
1633723142,208.36,26
1633723144,208.32,1
1633723147,208.32,1
1633723148,208.32,3
1633723150,208.32,2
1633723151,208.32,1
1633723154,208.31,1
1633723166,208.22,5
1633723172,208.23,1
1633723175,208.18,1
1633723175,208.18,2
1633723176,208.18,3
1633723176,208.18,1
1633723188,208.15,4
1633723195,208.12,4
1633723200,208.26,1
1633723201,208.31,8032
1633723201,208.31,1
1633723202,208.31,8
1633723203,208.31,40
1633723203,208.31,51
1633723208,208.31,3
1633723210,208.31,7
1633723210,208.31,40
1633723211,208.31,111
1633723211,208.31,14
1633723300,208.31,5
1633723339,208.31,3
1633723341,208.31,12
1633723345,208.31,3
1633723347,208.31,16
1633723349,208.31,1020
1633723352,208.31,95
1633723354,208.31,43
1633723363,208.31,20
1633723364,208.31,205
1633723366,208.31,32
1633723367,208.31,830
1633723369,208.31,1
1633723370,208.31,7
1633723371,208.31,1
1633723371,208.31,419
1633723372,208.31,2
1633723721,208,10
1633723806,208.03,1
1633724328,207.86,1
1633724446,207.9,3
1633724982,207.91,5
1633725166,207.9,2
1633725177,207.9,1
1633725189,207.9,2
1633725192,207.9,4
1633725198,207.9,2
1633725198,207.9,10
1633725199,207.9,1
1633725229,207.82,10
1633725230,207.82,1
1633725230,207.82,8
1633726469,207.87,3
1633726470,207.87,2
1633726471,207.87,1
1633726498,207.87,2
1633726509,207.87,1
